datetime,Unemployment Rate,Real GDP (Percent Change),Effective Federal Funds Rate,Federal Funds Target Rate,Federal Funds Upper Target,Federal Funds Lower Target
1954-07-01,5.8,4.6,0.8,,,
1954-08-01,6.0,,1.22,,,
1954-09-01,6.1,,1.06,,,
1954-10-01,5.7,8.0,0.85,,,
1954-11-01,5.3,,0.83,,,
1954-12-01,5.0,,1.28,,,
1955-01-01,4.9,11.9,1.39,,,
1955-02-01,4.7,,1.29,,,
1955-03-01,4.6,,1.35,,,
1955-04-01,4.7,6.7,1.43,,,
1955-05-01,4.3,,1.43,,,
1955-06-01,4.2,,1.64,,,
1955-07-01,4.0,5.5,1.68,,,
1955-08-01,4.2,,1.96,,,
1955-09-01,4.1,,2.18,,,
1955-10-01,4.3,2.4,2.24,,,
1955-11-01,4.2,,2.35,,,
1955-12-01,4.2,,2.48,,,
1956-01-01,4.0,-1.5,2.45,,,
1956-02-01,3.9,,2.5,,,
1956-03-01,4.2,,2.5,,,
1956-04-01,4.0,3.4,2.62,,,
1956-05-01,4.3,,2.75,,,
1956-06-01,4.3,,2.71,,,
1956-07-01,4.4,-0.3,2.75,,,
1956-08-01,4.1,,2.73,,,
1956-09-01,3.9,,2.95,,,
1956-10-01,3.9,6.7,2.96,,,
1956-11-01,4.3,,2.88,,,
1956-12-01,4.2,,2.94,,,
1957-01-01,4.2,2.6,2.84,,,
1957-02-01,3.9,,3.0,,,
1957-03-01,3.7,,2.96,,,
1957-04-01,3.9,-0.9,3.0,,,
1957-05-01,4.1,,3.0,,,
1957-06-01,4.3,,3.0,,,
1957-07-01,4.2,4.0,2.99,,,
1957-08-01,4.1,,3.24,,,
1957-09-01,4.4,,3.47,,,
1957-10-01,4.5,-4.0,3.5,,,
1957-11-01,5.1,,3.28,,,
1957-12-01,5.2,,2.98,,,
1958-01-01,5.8,-10.0,2.72,,,
1958-02-01,6.4,,1.67,,,
1958-03-01,6.7,,1.2,,,
1958-04-01,7.4,2.6,1.26,,,
1958-05-01,7.4,,0.63,,,
1958-06-01,7.3,,0.93,,,
1958-07-01,7.5,9.6,0.68,,,
1958-08-01,7.4,,1.53,,,
1958-09-01,7.1,,1.76,,,
1958-10-01,6.7,9.7,1.8,,,
1958-11-01,6.2,,2.27,,,
1958-12-01,6.2,,2.42,,,
1959-01-01,6.0,7.7,2.48,,,
1959-02-01,5.9,,2.43,,,
1959-03-01,5.6,,2.8,,,
1959-04-01,5.2,10.1,2.96,,,
1959-05-01,5.1,,2.9,,,
1959-06-01,5.0,,3.39,,,
1959-07-01,5.1,-0.8,3.47,,,
1959-08-01,5.2,,3.5,,,
1959-09-01,5.5,,3.76,,,
1959-10-01,5.7,1.6,3.98,,,
1959-11-01,5.8,,4.0,,,
1959-12-01,5.3,,3.99,,,
1960-01-01,5.2,9.2,3.99,,,
1960-02-01,4.8,,3.97,,,
1960-03-01,5.4,,3.84,,,
1960-04-01,5.2,-1.5,3.92,,,
1960-05-01,5.1,,3.85,,,
1960-06-01,5.4,,3.32,,,
1960-07-01,5.5,1.0,3.23,,,
1960-08-01,5.6,,2.98,,,
1960-09-01,5.5,,2.6,,,
1960-10-01,6.1,-4.8,2.47,,,
1960-11-01,6.1,,2.44,,,
1960-12-01,6.6,,1.98,,,
1961-01-01,6.6,2.7,1.45,,,
1961-02-01,6.9,,2.54,,,
1961-03-01,6.9,,2.02,,,
1961-04-01,7.0,7.6,1.49,,,
1961-05-01,7.1,,1.98,,,
1961-06-01,6.9,,1.73,,,
1961-07-01,7.0,6.8,1.17,,,
1961-08-01,6.6,,2.0,,,
1961-09-01,6.7,,1.88,,,
1961-10-01,6.5,8.3,2.26,,,
1961-11-01,6.1,,2.61,,,
1961-12-01,6.0,,2.33,,,
1962-01-01,5.8,7.4,2.15,,,
1962-02-01,5.5,,2.37,,,
1962-03-01,5.6,,2.85,,,
1962-04-01,5.6,4.4,2.78,,,
1962-05-01,5.5,,2.36,,,
1962-06-01,5.5,,2.68,,,
1962-07-01,5.4,3.9,2.71,,,
1962-08-01,5.7,,2.93,,,
1962-09-01,5.6,,2.9,,,
1962-10-01,5.4,1.6,2.9,,,
1962-11-01,5.7,,2.94,,,
1962-12-01,5.5,,2.93,,,
1963-01-01,5.7,4.5,2.92,,,
1963-02-01,5.9,,3.0,,,
1963-03-01,5.7,,2.98,,,
1963-04-01,5.7,5.3,2.9,,,
1963-05-01,5.9,,3.0,,,
1963-06-01,5.6,,2.99,,,
1963-07-01,5.6,8.0,3.02,,,
1963-08-01,5.4,,3.49,,,
1963-09-01,5.5,,3.48,,,
1963-10-01,5.5,2.9,3.5,,,
1963-11-01,5.7,,3.48,,,
1963-12-01,5.5,,3.38,,,
1964-01-01,5.6,8.9,3.48,,,
1964-02-01,5.4,,3.48,,,
1964-03-01,5.4,,3.43,,,
1964-04-01,5.3,4.8,3.47,,,
1964-05-01,5.1,,3.5,,,
1964-06-01,5.2,,3.5,,,
1964-07-01,4.9,5.5,3.42,,,
1964-08-01,5.0,,3.5,,,
1964-09-01,5.1,,3.45,,,
1964-10-01,5.1,1.4,3.36,,,
1964-11-01,4.8,,3.52,,,
1964-12-01,5.0,,3.85,,,
1965-01-01,4.9,10.2,3.9,,,
1965-02-01,5.1,,3.98,,,
1965-03-01,4.7,,4.04,,,
1965-04-01,4.8,5.6,4.09,,,
1965-05-01,4.6,,4.1,,,
1965-06-01,4.6,,4.04,,,
1965-07-01,4.4,8.4,4.09,,,
1965-08-01,4.4,,4.12,,,
1965-09-01,4.3,,4.01,,,
1965-10-01,4.2,9.8,4.08,,,
1965-11-01,4.1,,4.1,,,
1965-12-01,4.0,,4.32,,,
1966-01-01,4.0,10.2,4.42,,,
1966-02-01,3.8,,4.6,,,
1966-03-01,3.8,,4.65,,,
1966-04-01,3.8,1.6,4.67,,,
1966-05-01,3.9,,4.9,,,
1966-06-01,3.8,,5.17,,,
1966-07-01,3.8,2.9,5.3,,,
1966-08-01,3.8,,5.53,,,
1966-09-01,3.7,,5.4,,,
1966-10-01,3.7,3.5,5.53,,,
1966-11-01,3.6,,5.76,,,
1966-12-01,3.8,,5.4,,,
1967-01-01,3.9,3.7,4.94,,,
1967-02-01,3.8,,5.0,,,
1967-03-01,3.8,,4.53,,,
1967-04-01,3.8,0.3,4.05,,,
1967-05-01,3.8,,3.94,,,
1967-06-01,3.9,,3.98,,,
1967-07-01,3.8,3.5,3.79,,,
1967-08-01,3.8,,3.9,,,
1967-09-01,3.8,,3.99,,,
1967-10-01,4.0,3.2,3.88,,,
1967-11-01,3.9,,4.13,,,
1967-12-01,3.8,,4.51,,,
1968-01-01,3.7,8.4,4.6,,,
1968-02-01,3.8,,4.71,,,
1968-03-01,3.7,,5.05,,,
1968-04-01,3.5,6.9,5.76,,,
1968-05-01,3.5,,6.11,,,
1968-06-01,3.7,,6.07,,,
1968-07-01,3.7,2.9,6.02,,,
1968-08-01,3.5,,6.03,,,
1968-09-01,3.4,,5.78,,,
1968-10-01,3.4,1.8,5.91,,,
1968-11-01,3.4,,5.82,,,
1968-12-01,3.4,,6.02,,,
1969-01-01,3.4,6.4,6.3,,,
1969-02-01,3.4,,6.61,,,
1969-03-01,3.4,,6.79,,,
1969-04-01,3.4,1.3,7.41,,,
1969-05-01,3.4,,8.67,,,
1969-06-01,3.5,,8.9,,,
1969-07-01,3.5,2.5,8.61,,,
1969-08-01,3.5,,9.19,,,
1969-09-01,3.7,,9.15,,,
1969-10-01,3.7,-1.7,9.0,,,
1969-11-01,3.5,,8.85,,,
1969-12-01,3.5,,8.97,,,
1970-01-01,3.9,-0.7,8.98,,,
1970-02-01,4.2,,8.98,,,
1970-03-01,4.4,,7.76,,,
1970-04-01,4.6,0.7,8.1,,,
1970-05-01,4.8,,7.94,,,
1970-06-01,4.9,,7.6,,,
1970-07-01,5.0,3.6,7.21,,,
1970-08-01,5.1,,6.61,,,
1970-09-01,5.4,,6.29,,,
1970-10-01,5.5,-4.0,6.2,,,
1970-11-01,5.9,,5.6,,,
1970-12-01,6.1,,4.9,,,
1971-01-01,5.9,11.1,4.14,,,
1971-02-01,5.9,,3.72,,,
1971-03-01,6.0,,3.71,,,
1971-04-01,5.9,2.3,4.15,,,
1971-05-01,5.9,,4.63,,,
1971-06-01,5.9,,4.91,,,
1971-07-01,6.0,3.2,5.31,,,
1971-08-01,6.1,,5.56,,,
1971-09-01,6.0,,5.55,,,
1971-10-01,5.8,1.2,5.2,,,
1971-11-01,6.0,,4.91,,,
1971-12-01,6.0,,4.14,,,
1972-01-01,5.8,7.4,3.5,,,
1972-02-01,5.7,,3.29,,,
1972-03-01,5.8,,3.83,,,
1972-04-01,5.7,9.6,4.17,,,
1972-05-01,5.7,,4.27,,,
1972-06-01,5.7,,4.46,,,
1972-07-01,5.6,3.7,4.55,,,
1972-08-01,5.6,,4.8,,,
1972-09-01,5.5,,4.87,,,
1972-10-01,5.6,6.8,5.04,,,
1972-11-01,5.3,,5.06,,,
1972-12-01,5.2,,5.33,,,
1973-01-01,4.9,10.2,5.94,,,
1973-02-01,5.0,,6.58,,,
1973-03-01,4.9,,7.09,,,
1973-04-01,5.0,4.6,7.12,,,
1973-05-01,4.9,,7.84,,,
1973-06-01,4.9,,8.49,,,
1973-07-01,4.8,-2.2,10.4,,,
1973-08-01,4.8,,10.5,,,
1973-09-01,4.8,,10.78,,,
1973-10-01,4.6,3.8,10.01,,,
1973-11-01,4.8,,10.03,,,
1973-12-01,4.9,,9.95,,,
1974-01-01,5.1,-3.3,9.65,,,
1974-02-01,5.2,,8.97,,,
1974-03-01,5.1,,9.35,,,
1974-04-01,5.1,1.1,10.51,,,
1974-05-01,5.1,,11.31,,,
1974-06-01,5.4,,11.93,,,
1974-07-01,5.5,-3.8,12.92,,,
1974-08-01,5.5,,12.01,,,
1974-09-01,5.9,,11.34,,,
1974-10-01,6.0,-1.6,10.06,,,
1974-11-01,6.6,,9.45,,,
1974-12-01,7.2,,8.53,,,
1975-01-01,8.1,-4.7,7.13,,,
1975-02-01,8.1,,6.24,,,
1975-03-01,8.6,,5.54,,,
1975-04-01,8.8,3.1,5.49,,,
1975-05-01,9.0,,5.22,,,
1975-06-01,8.8,,5.55,,,
1975-07-01,8.6,6.8,6.1,,,
1975-08-01,8.4,,6.14,,,
1975-09-01,8.4,,6.24,,,
1975-10-01,8.4,5.5,5.82,,,
1975-11-01,8.3,,5.22,,,
1975-12-01,8.2,,5.2,,,
1976-01-01,7.9,9.3,4.87,,,
1976-02-01,7.7,,4.77,,,
1976-03-01,7.6,,4.84,,,
1976-04-01,7.7,3.1,4.82,,,
1976-05-01,7.4,,5.29,,,
1976-06-01,7.6,,5.48,,,
1976-07-01,7.8,2.1,5.31,,,
1976-08-01,7.8,,5.29,,,
1976-09-01,7.6,,5.25,,,
1976-10-01,7.7,3.0,5.02,,,
1976-11-01,7.8,,4.95,,,
1976-12-01,7.8,,4.65,,,
1977-01-01,7.5,4.7,4.61,,,
1977-02-01,7.6,,4.68,,,
1977-03-01,7.4,,4.69,,,
1977-04-01,7.2,8.1,4.73,,,
1977-05-01,7.0,,5.35,,,
1977-06-01,7.2,,5.39,,,
1977-07-01,6.9,7.3,5.42,,,
1977-08-01,7.0,,5.9,,,
1977-09-01,6.8,,6.14,,,
1977-10-01,6.8,0.0,6.47,,,
1977-11-01,6.8,,6.51,,,
1977-12-01,6.4,,6.56,,,
1978-01-01,6.4,1.4,6.7,,,
1978-02-01,6.3,,6.78,,,
1978-03-01,6.3,,6.79,,,
1978-04-01,6.1,16.5,6.89,,,
1978-05-01,6.0,,7.36,,,
1978-06-01,5.9,,7.6,,,
1978-07-01,6.2,4.0,7.81,,,
1978-08-01,5.9,,8.04,,,
1978-09-01,6.0,,8.45,,,
1978-10-01,5.8,5.5,8.96,,,
1978-11-01,5.9,,9.76,,,
1978-12-01,6.0,,10.03,,,
1979-01-01,5.9,0.8,10.07,,,
1979-02-01,5.9,,10.06,,,
1979-03-01,5.8,,10.09,,,
1979-04-01,5.8,0.5,10.01,,,
1979-05-01,5.6,,10.24,,,
1979-06-01,5.7,,10.29,,,
1979-07-01,5.7,2.9,10.47,,,
1979-08-01,6.0,,10.94,,,
1979-09-01,5.9,,11.43,,,
1979-10-01,6.0,1.0,13.77,,,
1979-11-01,5.9,,13.18,,,
1979-12-01,6.0,,13.78,,,
1980-01-01,6.3,1.3,13.82,,,
1980-02-01,6.3,,14.13,,,
1980-03-01,6.3,,17.19,,,
1980-04-01,6.9,-7.9,17.61,,,
1980-05-01,7.5,,10.98,,,
1980-06-01,7.6,,9.47,,,
1980-07-01,7.8,-0.6,9.03,,,
1980-08-01,7.7,,9.61,,,
1980-09-01,7.5,,10.87,,,
1980-10-01,7.5,7.6,12.81,,,
1980-11-01,7.5,,15.85,,,
1980-12-01,7.2,,18.9,,,
1981-01-01,7.5,8.5,19.08,,,
1981-02-01,7.4,,15.93,,,
1981-03-01,7.4,,14.7,,,
1981-04-01,7.2,-2.9,15.72,,,
1981-05-01,7.5,,18.52,,,
1981-06-01,7.5,,19.1,,,
1981-07-01,7.2,4.7,19.04,,,
1981-08-01,7.4,,17.82,,,
1981-09-01,7.6,,15.87,,,
1981-10-01,7.9,-4.6,15.08,,,
1981-11-01,8.3,,13.31,,,
1981-12-01,8.5,,12.37,,,
1982-01-01,8.6,-6.5,13.22,,,
1982-02-01,8.9,,14.78,,,
1982-03-01,9.0,,14.68,,,
1982-04-01,9.3,2.2,14.94,,,
1982-05-01,9.4,,14.45,,,
1982-06-01,9.6,,14.15,,,
1982-07-01,9.8,-1.4,12.59,,,
1982-08-01,9.8,,10.12,,,
1982-09-01,10.1,,10.31,,,
1982-09-27,,,,10.25,,
1982-10-01,10.4,0.4,9.71,10.0,,
1982-10-07,,,,9.5,,
1982-11-01,10.8,,9.2,9.5,,
1982-11-19,,,,9.0,,
1982-12-01,10.8,,8.95,9.0,,
1982-12-14,,,,8.5,,
1983-01-01,10.4,5.3,8.68,8.5,,
1983-02-01,10.4,,8.51,8.5,,
1983-03-01,10.3,,8.77,8.5,,
1983-03-31,,,,8.625,,
1983-04-01,10.2,9.4,8.8,8.625,,
1983-05-01,10.1,,8.63,8.625,,
1983-05-25,,,,8.75,,
1983-06-01,10.1,,8.98,8.75,,
1983-06-24,,,,9.0,,
1983-07-01,9.4,8.1,9.37,9.0,,
1983-07-14,,,,9.25,,
1983-07-20,,,,9.4375,,
1983-08-01,9.5,,9.56,9.4375,,
1983-08-11,,,,9.5625,,
1983-08-17,,,,9.5,,
1983-09-01,9.2,,9.45,9.5,,
1983-09-15,,,,9.375,,
1983-10-01,8.8,8.5,9.48,9.375,,
1983-11-01,8.5,,9.34,9.375,,
1983-12-01,8.3,,9.47,9.375,,
1984-01-01,8.0,8.2,9.56,9.375,,
1984-02-01,7.8,,9.59,9.375,,
1984-03-01,7.8,,9.91,9.375,,
1984-03-29,,,,10.5,,
1984-04-01,7.7,7.2,10.29,10.5,,
1984-05-01,7.4,,10.32,10.5,,
1984-06-01,7.2,,11.06,10.5,,
1984-07-01,7.5,4.0,11.23,10.5,,
1984-07-05,,,,11.0,,
1984-07-19,,,,11.25,,
1984-08-01,7.5,,11.64,11.25,,
1984-08-09,,,,11.5,,
1984-09-01,7.3,,11.3,11.5,,
1984-09-20,,,,11.25,,
1984-09-27,,,,11.0,,
1984-10-01,7.4,3.2,9.99,11.0,,
1984-10-11,,,,10.5,,
1984-10-18,,,,10.0,,
1984-11-01,7.2,,9.43,10.0,,
1984-11-08,,,,9.5,,
1984-11-23,,,,9.0,,
1984-12-01,7.3,,8.38,9.0,,
1984-12-06,,,,8.75,,
1984-12-19,,,,8.5,,
1984-12-24,,,,8.125,,
1985-01-01,7.3,4.0,8.35,8.125,,
1985-01-24,,,,8.25,,
1985-02-01,7.2,,8.5,8.25,,
1985-02-14,,,,8.375,,
1985-03-01,7.2,,8.58,8.375,,
1985-03-28,,,,8.5,,
1985-04-01,7.3,3.7,8.27,8.5,,
1985-04-25,,,,8.25,,
1985-05-01,7.2,,7.97,8.25,,
1985-05-20,,,,7.75,,
1985-06-01,7.4,,7.53,7.75,,
1985-07-01,7.4,6.4,7.88,7.75,,
1985-07-11,,,,7.6875,,
1985-08-01,7.1,,7.9,7.75,,
1985-08-21,,,,7.8125,,
1985-09-01,7.1,,7.92,7.8125,,
1985-09-06,,,,8.0,,
1985-10-01,7.1,3.0,7.99,8.0,,
1985-11-01,7.0,,8.05,8.0,,
1985-12-01,7.0,,8.27,8.0,,
1985-12-18,,,,7.75,,
1986-01-01,6.7,3.8,8.14,7.75,,
1986-02-01,7.2,,7.86,7.75,,
1986-03-01,7.2,,7.48,7.75,,
1986-03-07,,,,7.25,,
1986-04-01,7.1,1.9,6.99,7.25,,
1986-04-02,,,,7.3125,,
1986-04-21,,,,6.75,,
1986-05-01,7.2,,6.85,6.75,,
1986-05-22,,,,6.8125,,
1986-06-01,7.2,,6.92,6.8125,,
1986-06-05,,,,6.875,,
1986-07-01,7.0,4.1,6.56,6.875,,
1986-07-11,,,,6.375,,
1986-08-01,6.9,,6.17,6.375,,
1986-08-21,,,,5.875,,
1986-09-01,7.0,,5.89,5.875,,
1986-10-01,7.0,2.1,5.85,5.875,,
1986-11-01,6.9,,6.04,5.875,,
1986-12-01,6.6,,6.91,5.875,,
1987-01-01,6.6,2.8,6.43,5.875,,
1987-01-05,,,,6.0,,
1987-02-01,6.6,,6.1,6.0,,
1987-03-01,6.6,,6.13,6.0,,
1987-04-01,6.3,4.6,6.37,6.0,,
1987-04-30,,,,6.5,,
1987-05-01,6.3,,6.85,6.5,,
1987-05-22,,,,6.75,,
1987-06-01,6.2,,6.73,6.75,,
1987-07-01,6.1,3.7,6.58,6.75,,
1987-07-02,,,,6.625,,
1987-08-01,6.0,,6.73,6.625,,
1987-08-27,,,,6.75,,
1987-09-01,5.9,,7.22,6.75,,
1987-09-03,,,,6.875,,
1987-09-04,,,,7.25,,
1987-09-24,,,,7.3125,,
1987-10-01,6.0,6.8,7.29,7.3125,,
1987-11-01,5.8,,6.69,7.3125,,
1987-11-04,,,,6.8125,,
1987-12-01,5.7,,6.77,6.8125,,
1988-01-01,5.7,2.3,6.83,6.8125,,
1988-01-28,,,,6.625,,
1988-02-01,5.7,,6.58,6.625,,
1988-02-11,,,,6.5,,
1988-03-01,5.7,,6.58,6.5,,
1988-03-30,,,,6.75,,
1988-04-01,5.4,5.4,6.87,6.75,,
1988-05-01,5.6,,7.09,6.75,,
1988-05-09,,,,7.0,,
1988-05-25,,,,7.25,,
1988-06-01,5.4,,7.51,7.25,,
1988-06-22,,,,7.4375,,
1988-07-01,5.4,2.3,7.75,7.5,,
1988-07-19,,,,7.6875,,
1988-08-01,5.6,,8.01,7.6875,,
1988-08-08,,,,7.75,,
1988-08-09,,,,8.125,,
1988-09-01,5.4,,8.19,8.125,,
1988-10-01,5.4,5.4,8.3,8.125,,
1988-11-01,5.3,,8.35,8.125,,
1988-11-17,,,,8.3125,,
1988-11-22,,,,8.375,,
1988-12-01,5.3,,8.76,8.375,,
1988-12-15,,,,8.6875,,
1989-01-01,5.4,4.1,9.12,8.6875,,
1989-01-05,,,,9.0,,
1989-02-01,5.2,,9.36,9.0,,
1989-02-09,,,,9.125,,
1989-02-14,,,,9.3125,,
1989-02-24,,,,9.75,,
1989-03-01,5.0,,9.85,9.75,,
1989-04-01,5.2,3.2,9.84,9.75,,
1989-05-01,5.2,,9.81,9.75,,
1989-05-17,,,,9.8125,,
1989-06-01,5.3,,9.53,9.8125,,
1989-06-06,,,,9.5625,,
1989-07-01,5.2,3.0,9.24,9.5625,,
1989-07-07,,,,9.3125,,
1989-07-27,,,,9.0625,,
1989-08-01,5.2,,8.99,9.0625,,
1989-09-01,5.3,,9.02,9.0625,,
1989-10-01,5.3,0.9,8.84,9.0625,,
1989-10-19,,,,8.75,,
1989-11-01,5.4,,8.55,8.75,,
1989-11-06,,,,8.5,,
1989-12-01,5.4,,8.45,8.5,,
1989-12-20,,,,8.25,,
1990-01-01,5.4,4.5,8.23,8.25,,
1990-02-01,5.3,,8.24,8.25,,
1990-03-01,5.2,,8.28,8.25,,
1990-04-01,5.4,1.6,8.26,8.25,,
1990-05-01,5.4,,8.18,8.25,,
1990-06-01,5.2,,8.29,8.25,,
1990-07-01,5.5,0.1,8.15,8.25,,
1990-07-13,,,,8.0,,
1990-08-01,5.7,,8.13,8.0,,
1990-09-01,5.9,,8.2,8.0,,
1990-10-01,5.9,-3.4,8.11,8.0,,
1990-10-29,,,,7.75,,
1990-11-01,6.2,,7.81,7.75,,
1990-11-14,,,,7.5,,
1990-12-01,6.3,,7.31,7.5,,
1990-12-07,,,,7.25,,
1990-12-19,,,,7.0,,
1991-01-01,6.4,-1.9,6.91,7.0,,
1991-01-09,,,,6.75,,
1991-02-01,6.6,,6.25,6.25,,
1991-03-01,6.8,,6.12,6.25,,
1991-03-08,,,,6.0,,
1991-04-01,6.7,3.1,5.91,6.0,,
1991-04-30,,,,5.75,,
1991-05-01,6.9,,5.78,5.75,,
1991-06-01,6.9,,5.9,5.75,,
1991-07-01,6.8,1.9,5.82,5.75,,
1991-08-01,6.9,,5.66,5.75,,
1991-08-06,,,,5.5,,
1991-09-01,6.9,,5.45,5.5,,
1991-09-13,,,,5.25,,
1991-10-01,7.0,1.8,5.21,5.25,,
1991-10-31,,,,5.0,,
1991-11-01,7.0,,4.81,5.0,,
1991-11-06,,,,4.75,,
1991-12-01,7.3,,4.43,4.75,,
1991-12-06,,,,4.5,,
1991-12-20,,,,4.0,,
1992-01-01,7.3,4.8,4.03,4.0,,
1992-02-01,7.4,,4.06,4.0,,
1992-03-01,7.4,,3.98,4.0,,
1992-04-01,7.4,4.5,3.73,4.0,,
1992-04-09,,,,3.75,,
1992-05-01,7.6,,3.82,3.75,,
1992-06-01,7.8,,3.76,3.75,,
1992-07-01,7.7,3.9,3.25,3.75,,
1992-07-02,,,,3.25,,
1992-08-01,7.6,,3.3,3.25,,
1992-09-01,7.6,,3.22,3.25,,
1992-09-04,,,,3.0,,
1992-10-01,7.3,4.1,3.1,3.0,,
1992-11-01,7.4,,3.09,3.0,,
1992-12-01,7.4,,2.92,3.0,,
1993-01-01,7.3,0.8,3.02,3.0,,
1993-02-01,7.1,,3.03,3.0,,
1993-03-01,7.0,,3.07,3.0,,
1993-04-01,7.1,2.4,2.96,3.0,,
1993-05-01,7.1,,3.0,3.0,,
1993-06-01,7.0,,3.04,3.0,,
1993-07-01,6.9,2.0,3.06,3.0,,
1993-08-01,6.8,,3.03,3.0,,
1993-09-01,6.7,,3.09,3.0,,
1993-10-01,6.8,5.4,2.99,3.0,,
1993-11-01,6.6,,3.02,3.0,,
1993-12-01,6.5,,2.96,3.0,,
1994-01-01,6.6,4.0,3.05,3.0,,
1994-02-01,6.6,,3.25,3.0,,
1994-02-04,,,,3.25,,
1994-03-01,6.5,,3.34,3.25,,
1994-03-22,,,,3.5,,
1994-04-01,6.4,5.6,3.56,3.5,,
1994-04-18,,,,3.75,,
1994-05-01,6.1,,4.01,3.75,,
1994-05-17,,,,4.25,,
1994-06-01,6.1,,4.25,4.25,,
1994-07-01,6.1,2.4,4.26,4.25,,
1994-08-01,6.0,,4.47,4.25,,
1994-08-16,,,,4.75,,
1994-09-01,5.9,,4.73,4.75,,
1994-10-01,5.8,4.6,4.76,4.75,,
1994-11-01,5.6,,5.29,4.75,,
1994-11-15,,,,5.5,,
1994-12-01,5.5,,5.45,5.5,,
1995-01-01,5.6,1.4,5.53,5.5,,
1995-02-01,5.4,,5.92,6.0,,
1995-03-01,5.4,,5.98,6.0,,
1995-04-01,5.8,1.4,6.05,6.0,,
1995-05-01,5.6,,6.01,6.0,,
1995-06-01,5.6,,6.0,6.0,,
1995-07-01,5.7,3.5,5.85,6.0,,
1995-07-06,,,,5.75,,
1995-08-01,5.7,,5.74,5.75,,
1995-09-01,5.6,,5.8,5.75,,
1995-10-01,5.5,2.9,5.76,5.75,,
1995-11-01,5.6,,5.8,5.75,,
1995-12-01,5.6,,5.6,5.75,,
1995-12-19,,,,5.5,,
1996-01-01,5.6,2.7,5.56,5.5,,
1996-01-31,,,,5.25,,
1996-02-01,5.5,,5.22,5.25,,
1996-03-01,5.5,,5.31,5.25,,
1996-04-01,5.6,7.2,5.22,5.25,,
1996-05-01,5.6,,5.24,5.25,,
1996-06-01,5.3,,5.27,5.25,,
1996-07-01,5.5,3.7,5.4,5.25,,
1996-08-01,5.1,,5.22,5.25,,
1996-09-01,5.2,,5.3,5.25,,
1996-10-01,5.2,4.3,5.24,5.25,,
1996-11-01,5.4,,5.31,5.25,,
1996-12-01,5.4,,5.29,5.25,,
1997-01-01,5.3,3.1,5.25,5.25,,
1997-02-01,5.2,,5.19,5.25,,
1997-03-01,5.2,,5.39,5.25,,
1997-03-25,,,,5.5,,
1997-04-01,5.1,6.2,5.51,5.5,,
1997-05-01,4.9,,5.5,5.5,,
1997-06-01,5.0,,5.56,5.5,,
1997-07-01,4.9,5.2,5.52,5.5,,
1997-08-01,4.8,,5.54,5.5,,
1997-09-01,4.9,,5.54,5.5,,
1997-10-01,4.7,3.1,5.5,5.5,,
1997-11-01,4.6,,5.52,5.5,,
1997-12-01,4.7,,5.5,5.5,,
1998-01-01,4.6,4.0,5.56,5.5,,
1998-02-01,4.6,,5.51,5.5,,
1998-03-01,4.7,,5.49,5.5,,
1998-04-01,4.3,3.9,5.45,5.5,,
1998-05-01,4.4,,5.49,5.5,,
1998-06-01,4.5,,5.56,5.5,,
1998-07-01,4.5,5.3,5.54,5.5,,
1998-08-01,4.5,,5.55,5.5,,
1998-09-01,4.6,,5.51,5.5,,
1998-09-29,,,,5.25,,
1998-10-01,4.5,6.7,5.07,5.25,,
1998-10-15,,,,5.0,,
1998-11-01,4.4,,4.83,5.0,,
1998-11-17,,,,4.75,,
1998-12-01,4.4,,4.68,4.75,,
1999-01-01,4.3,3.2,4.63,4.75,,
1999-02-01,4.4,,4.76,4.75,,
1999-03-01,4.2,,4.81,4.75,,
1999-04-01,4.3,3.3,4.74,4.75,,
1999-05-01,4.2,,4.74,4.75,,
1999-06-01,4.3,,4.76,4.75,,
1999-06-30,,,,5.0,,
1999-07-01,4.3,5.1,4.99,5.0,,
1999-08-01,4.2,,5.07,5.0,,
1999-08-24,,,,5.25,,
1999-09-01,4.2,,5.22,5.25,,
1999-10-01,4.1,7.1,5.2,5.25,,
1999-11-01,4.1,,5.42,5.25,,
1999-11-16,,,,5.5,,
1999-12-01,4.0,,5.3,5.5,,
2000-01-01,4.0,1.2,5.45,5.5,,
2000-02-01,4.1,,5.73,5.5,,
2000-02-02,,,,5.75,,
2000-03-01,4.0,,5.85,5.75,,
2000-03-21,,,,6.0,,
2000-04-01,3.8,7.8,6.02,6.0,,
2000-05-01,4.0,,6.27,6.0,,
2000-05-16,,,,6.5,,
2000-06-01,4.0,,6.53,6.5,,
2000-07-01,4.0,0.5,6.54,6.5,,
2000-08-01,4.1,,6.5,6.5,,
2000-09-01,3.9,,6.52,6.5,,
2000-10-01,3.9,2.3,6.51,6.5,,
2000-11-01,3.9,,6.51,6.5,,
2000-12-01,3.9,,6.4,6.5,,
2001-01-01,4.2,-1.1,5.98,6.5,,
2001-01-03,,,,6.0,,
2001-01-31,,,,5.5,,
2001-02-01,4.2,,5.49,5.5,,
2001-03-01,4.3,,5.31,5.5,,
2001-03-20,,,,5.0,,
2001-04-01,4.4,2.1,4.8,5.0,,
2001-04-18,,,,4.5,,
2001-05-01,4.3,,4.21,4.5,,
2001-05-15,,,,4.0,,
2001-06-01,4.5,,3.97,4.0,,
2001-06-27,,,,3.75,,
2001-07-01,4.6,-1.3,3.77,3.75,,
2001-08-01,4.9,,3.65,3.75,,
2001-08-21,,,,3.5,,
2001-09-01,5.0,,3.07,3.5,,
2001-09-17,,,,3.0,,
2001-10-01,5.3,1.1,2.49,3.0,,
2001-10-02,,,,2.5,,
2001-11-01,5.5,,2.09,2.5,,
2001-11-06,,,,2.0,,
2001-12-01,5.7,,1.82,2.0,,
2001-12-11,,,,1.75,,
2002-01-01,5.7,3.7,1.73,1.75,,
2002-02-01,5.7,,1.74,1.75,,
2002-03-01,5.7,,1.73,1.75,,
2002-04-01,5.9,2.2,1.75,1.75,,
2002-05-01,5.8,,1.75,1.75,,
2002-06-01,5.8,,1.75,1.75,,
2002-07-01,5.8,2.0,1.73,1.75,,
2002-08-01,5.7,,1.74,1.75,,
2002-09-01,5.7,,1.75,1.75,,
2002-10-01,5.7,0.3,1.75,1.75,,
2002-11-01,5.9,,1.34,1.75,,
2002-11-06,,,,1.25,,
2002-12-01,6.0,,1.24,1.25,,
2003-01-01,5.8,2.1,1.24,1.25,,
2003-02-01,5.9,,1.26,1.25,,
2003-03-01,5.9,,1.25,1.25,,
2003-04-01,6.0,3.8,1.26,1.25,,
2003-05-01,6.1,,1.26,1.25,,
2003-06-01,6.3,,1.22,1.25,,
2003-06-25,,,,1.0,,
2003-07-01,6.2,6.9,1.01,1.0,,
2003-08-01,6.1,,1.03,1.0,,
2003-09-01,6.1,,1.01,1.0,,
2003-10-01,6.0,4.8,1.01,1.0,,
2003-11-01,5.8,,1.0,1.0,,
2003-12-01,5.7,,0.98,1.0,,
2004-01-01,5.7,2.3,1.0,1.0,,
2004-02-01,5.6,,1.01,1.0,,
2004-03-01,5.8,,1.0,1.0,,
2004-04-01,5.6,3.0,1.0,1.0,,
2004-05-01,5.6,,1.0,1.0,,
2004-06-01,5.6,,1.03,1.0,,
2004-06-30,,,,1.25,,
2004-07-01,5.5,3.7,1.26,1.25,,
2004-08-01,5.4,,1.43,1.25,,
2004-08-10,,,,1.5,,
2004-09-01,5.4,,1.61,1.5,,
2004-09-21,,,,1.75,,
2004-10-01,5.5,3.5,1.76,1.75,,
2004-11-01,5.4,,1.93,1.75,,
2004-11-10,,,,2.0,,
2004-12-01,5.4,,2.16,2.0,,
2004-12-14,,,,2.25,,
2005-01-01,5.3,4.3,2.28,2.25,,
2005-02-01,5.4,,2.5,2.25,,
2005-02-02,,,,2.5,,
2005-03-01,5.2,,2.63,2.5,,
2005-03-22,,,,2.75,,
2005-04-01,5.2,2.1,2.79,2.75,,
2005-05-01,5.1,,3.0,2.75,,
2005-05-03,,,,3.0,,
2005-06-01,5.0,,3.04,3.0,,
2005-06-30,,,,3.25,,
2005-07-01,5.0,3.4,3.26,3.25,,
2005-08-01,4.9,,3.5,3.25,,
2005-08-09,,,,3.5,,
2005-09-01,5.0,,3.62,3.5,,
2005-09-20,,,,3.75,,
2005-10-01,5.0,2.3,3.78,3.75,,
2005-11-01,5.0,,4.0,4.0,,
2005-12-01,4.9,,4.16,4.0,,
2005-12-13,,,,4.25,,
2006-01-01,4.7,4.9,4.29,4.25,,
2006-01-31,,,,4.5,,
2006-02-01,4.8,,4.49,4.5,,
2006-03-01,4.7,,4.59,4.5,,
2006-03-28,,,,4.75,,
2006-04-01,4.7,1.2,4.79,4.75,,
2006-05-01,4.6,,4.94,4.75,,
2006-05-10,,,,5.0,,
2006-06-01,4.6,,4.99,5.0,,
2006-06-29,,,,5.25,,
2006-07-01,4.7,0.4,5.24,5.25,,
2006-08-01,4.7,,5.25,5.25,,
2006-09-01,4.5,,5.25,5.25,,
2006-10-01,4.4,3.2,5.25,5.25,,
2006-11-01,4.5,,5.25,5.25,,
2006-12-01,4.4,,5.24,5.25,,
2007-01-01,4.6,0.2,5.25,5.25,,
2007-02-01,4.5,,5.26,5.25,,
2007-03-01,4.4,,5.26,5.25,,
2007-04-01,4.5,3.1,5.25,5.25,,
2007-05-01,4.4,,5.25,5.25,,
2007-06-01,4.6,,5.25,5.25,,
2007-07-01,4.7,2.7,5.26,5.25,,
2007-08-01,4.6,,5.02,5.25,,
2007-09-01,4.7,,4.94,5.25,,
2007-09-18,,,,4.75,,
2007-10-01,4.7,1.4,4.76,4.75,,
2007-10-31,,,,4.5,,
2007-11-01,4.7,,4.49,4.5,,
2007-12-01,5.0,,4.24,4.5,,
2007-12-11,,,,4.25,,
2008-01-01,5.0,-2.7,3.94,4.25,,
2008-01-22,,,,3.5,,
2008-01-30,,,,3.0,,
2008-02-01,4.9,,2.98,3.0,,
2008-03-01,5.1,,2.61,3.0,,
2008-03-18,,,,2.25,,
2008-04-01,5.0,2.0,2.28,2.25,,
2008-04-30,,,,2.0,,
2008-05-01,5.4,,1.98,2.0,,
2008-06-01,5.6,,2.0,2.0,,
2008-07-01,5.8,-1.9,2.01,2.0,,
2008-08-01,6.1,,2.0,2.0,,
2008-09-01,6.1,,1.81,2.0,,
2008-10-01,6.5,-8.2,0.97,2.0,,
2008-10-08,,,,1.5,,
2008-10-29,,,,1.0,,
2008-11-01,6.8,,0.39,1.0,,
2008-12-01,7.3,,0.16,1.0,,
2008-12-16,,,,,0.25,0.0
2009-01-01,7.8,-5.4,0.15,,0.25,0.0
2009-02-01,8.3,,0.22,,0.25,0.0
2009-03-01,8.7,,0.18,,0.25,0.0
2009-04-01,9.0,-0.5,0.15,,0.25,0.0
2009-05-01,9.4,,0.18,,0.25,0.0
2009-06-01,9.5,,0.21,,0.25,0.0
2009-07-01,9.5,1.3,0.16,,0.25,0.0
2009-08-01,9.6,,0.16,,0.25,0.0
2009-09-01,9.8,,0.15,,0.25,0.0
2009-10-01,10.0,3.9,0.12,,0.25,0.0
2009-11-01,9.9,,0.12,,0.25,0.0
2009-12-01,9.9,,0.12,,0.25,0.0
2010-01-01,9.8,1.7,0.11,,0.25,0.0
2010-02-01,9.8,,0.13,,0.25,0.0
2010-03-01,9.9,,0.16,,0.25,0.0
2010-04-01,9.9,3.9,0.2,,0.25,0.0
2010-05-01,9.6,,0.2,,0.25,0.0
2010-06-01,9.4,,0.18,,0.25,0.0
2010-07-01,9.4,2.7,0.18,,0.25,0.0
2010-08-01,9.5,,0.19,,0.25,0.0
2010-09-01,9.5,,0.19,,0.25,0.0
2010-10-01,9.4,2.5,0.19,,0.25,0.0
2010-11-01,9.8,,0.19,,0.25,0.0
2010-12-01,9.3,,0.18,,0.25,0.0
2011-01-01,9.1,-1.5,0.17,,0.25,0.0
2011-02-01,9.0,,0.16,,0.25,0.0
2011-03-01,9.0,,0.14,,0.25,0.0
2011-04-01,9.1,2.9,0.1,,0.25,0.0
2011-05-01,9.0,,0.09,,0.25,0.0
2011-06-01,9.1,,0.09,,0.25,0.0
2011-07-01,9.0,0.8,0.07,,0.25,0.0
2011-08-01,9.0,,0.1,,0.25,0.0
2011-09-01,9.0,,0.08,,0.25,0.0
2011-10-01,8.8,4.6,0.07,,0.25,0.0
2011-11-01,8.6,,0.08,,0.25,0.0
2011-12-01,8.5,,0.07,,0.25,0.0
2012-01-01,8.3,2.7,0.08,,0.25,0.0
2012-02-01,8.3,,0.1,,0.25,0.0
2012-03-01,8.2,,0.13,,0.25,0.0
2012-04-01,8.2,1.9,0.14,,0.25,0.0
2012-05-01,8.2,,0.16,,0.25,0.0
2012-06-01,8.2,,0.16,,0.25,0.0
2012-07-01,8.2,0.5,0.16,,0.25,0.0
2012-08-01,8.1,,0.13,,0.25,0.0
2012-09-01,7.8,,0.14,,0.25,0.0
2012-10-01,7.8,0.1,0.16,,0.25,0.0
2012-11-01,7.7,,0.16,,0.25,0.0
2012-12-01,7.9,,0.16,,0.25,0.0
2013-01-01,8.0,2.8,0.14,,0.25,0.0
2013-02-01,7.7,,0.15,,0.25,0.0
2013-03-01,7.5,,0.14,,0.25,0.0
2013-04-01,7.6,0.8,0.15,,0.25,0.0
2013-05-01,7.5,,0.11,,0.25,0.0
2013-06-01,7.5,,0.09,,0.25,0.0
2013-07-01,7.3,3.1,0.09,,0.25,0.0
2013-08-01,7.3,,0.08,,0.25,0.0
2013-09-01,7.2,,0.08,,0.25,0.0
2013-10-01,7.2,4.0,0.09,,0.25,0.0
2013-11-01,6.9,,0.08,,0.25,0.0
2013-12-01,6.7,,0.09,,0.25,0.0
2014-01-01,6.6,-1.2,0.07,,0.25,0.0
2014-02-01,6.7,,0.07,,0.25,0.0
2014-03-01,6.7,,0.08,,0.25,0.0
2014-04-01,6.2,4.0,0.09,,0.25,0.0
2014-05-01,6.3,,0.09,,0.25,0.0
2014-06-01,6.1,,0.1,,0.25,0.0
2014-07-01,6.2,5.0,0.09,,0.25,0.0
2014-08-01,6.2,,0.09,,0.25,0.0
2014-09-01,5.9,,0.09,,0.25,0.0
2014-10-01,5.7,2.3,0.09,,0.25,0.0
2014-11-01,5.8,,0.09,,0.25,0.0
2014-12-01,5.6,,0.12,,0.25,0.0
2015-01-01,5.7,2.0,0.11,,0.25,0.0
2015-02-01,5.5,,0.11,,0.25,0.0
2015-03-01,5.4,,0.11,,0.25,0.0
2015-04-01,5.4,2.6,0.12,,0.25,0.0
2015-05-01,5.5,,0.12,,0.25,0.0
2015-06-01,5.3,,0.13,,0.25,0.0
2015-07-01,5.2,2.0,0.13,,0.25,0.0
2015-08-01,5.1,,0.14,,0.25,0.0
2015-09-01,5.0,,0.14,,0.25,0.0
2015-10-01,5.0,0.9,0.12,,0.25,0.0
2015-11-01,5.0,,0.12,,0.25,0.0
2015-12-01,5.0,,0.24,,0.25,0.0
2015-12-16,,,,,0.5,0.25
2016-01-01,4.9,0.8,0.34,,0.5,0.25
2016-02-01,4.9,,0.38,,0.5,0.25
2016-03-01,5.0,,0.36,,0.5,0.25
2016-04-01,5.0,1.4,0.37,,0.5,0.25
2016-05-01,4.7,,0.37,,0.5,0.25
2016-06-01,4.9,,0.38,,0.5,0.25
2016-07-01,4.9,3.5,0.39,,0.5,0.25
2016-08-01,4.9,,0.4,,0.5,0.25
2016-09-01,4.9,,0.4,,0.5,0.25
2016-10-01,4.8,1.9,0.4,,0.5,0.25
2016-11-01,4.6,,0.41,,0.5,0.25
2016-12-01,4.7,,0.54,,0.5,0.25
2016-12-14,,,,,0.75,0.5
2017-01-01,4.8,,0.65,,0.75,0.5
2017-02-01,4.7,,0.66,,0.75,0.5
2017-03-01,,,,,0.75,0.5
2017-03-16,,,,,1.0,0.75
